persona_id,persona_name,input_changed,input_direction,base_score,base_category,step_unit,flip_step_value,flip_delta,score_after_flip,category_after_flip,flips_within_range
1,Persona 1,annual_income,down,82.08,Low Risk,,,,,,0
1,Persona 1,annual_income,up,82.08,Low Risk,,,,,,0
1,Persona 1,credit_score,down,82.08,Low Risk,,,,,,0
1,Persona 1,credit_score,up,82.08,Low Risk,,,,,,0
1,Persona 1,debt,down,82.08,Low Risk,,,,,,0
1,Persona 1,debt,up,82.08,Low Risk,,,,,,0
1,Persona 1,late_payments,down,82.08,Low Risk,,,,,,0
1,Persona 1,late_payments,up,82.08,Low Risk,,,,,,0
1,Persona 1,savings,down,82.08,Low Risk,,,,,,0
1,Persona 1,savings,up,82.08,Low Risk,,,,,,0
2,Persona 2,annual_income,down,57.52,Medium Risk,,,,,,0
2,Persona 2,annual_income,up,57.52,Medium Risk,,,,,,0
2,Persona 2,credit_score,down,57.52,Medium Risk,,,,,,0
2,Persona 2,credit_score,up,57.52,Medium Risk,,,,,,0
2,Persona 2,debt,down,57.52,Medium Risk,,,,,,0
2,Persona 2,debt,up,57.52,Medium Risk,,,,,,0
2,Persona 2,late_payments,down,57.52,Medium Risk,,,,,,0
2,Persona 2,late_payments,up,57.52,Medium Risk,,,,,,0
2,Persona 2,savings,down,57.52,Medium Risk,,,,,,0
2,Persona 2,savings,up,57.52,Medium Risk,,,,,,0
3,Persona 3,annual_income,down,44.03,Medium Risk,,,,,,0
3,Persona 3,annual_income,up,44.03,Medium Risk,,,,,,0
3,Persona 3,credit_score,down,44.03,Medium Risk,,,,,,0
3,Persona 3,credit_score,up,44.03,Medium Risk,,,,,,0
3,Persona 3,debt,down,44.03,Medium Risk,,,,,,0
3,Persona 3,debt,up,44.03,Medium Risk,,,,,,0
3,Persona 3,late_payments,down,44.03,Medium Risk,,,,,,0
3,Persona 3,late_payments,up,44.03,Medium Risk,,,,,,0
3,Persona 3,savings,down,44.03,Medium Risk,,,,,,0
3,Persona 3,savings,up,44.03,Medium Risk,,,,,,0
4,Persona 4,annual_income,down,47.76,Medium Risk,,,,,,0
4,Persona 4,annual_income,up,47.76,Medium Risk,,,,,,0
4,Persona 4,credit_score,down,47.76,Medium Risk,,,,,,0
4,Persona 4,credit_score,up,47.76,Medium Risk,,,,,,0
4,Persona 4,debt,down,47.76,Medium Risk,,,,,,0
4,Persona 4,debt,up,47.76,Medium Risk,,,,,,0
4,Persona 4,late_payments,down,47.76,Medium Risk,,,,,,0
4,Persona 4,late_payments,up,47.76,Medium Risk,,,,,,0
4,Persona 4,savings,down,47.76,Medium Risk,,,,,,0
4,Persona 4,savings,up,47.76,Medium Risk,,,,,,0
