persona_id,persona_name,input_order,input_changed,step_unit,step_value,delta,is_baseline,credit_score,annual_income,debt,savings,late_payments,score_original,score_corrected,category_corrected
1,Persona 1,1,credit_score,points,-100.0,-100.0,0,660.0,280000.0,150000.0,450000.0,0.0,67.5303,77.5303,Low Risk
1,Persona 1,1,credit_score,points,-80.0,-80.0,0,680.0,280000.0,150000.0,450000.0,0.0,68.4394,78.4394,Low Risk
1,Persona 1,1,credit_score,points,-60.0,-60.0,0,700.0,280000.0,150000.0,450000.0,0.0,69.3485,79.3485,Low Risk
1,Persona 1,1,credit_score,points,-40.0,-40.0,0,720.0,280000.0,150000.0,450000.0,0.0,70.2576,80.2576,Low Risk
1,Persona 1,1,credit_score,points,-20.0,-20.0,0,740.0,280000.0,150000.0,450000.0,0.0,71.1667,81.1667,Low Risk
1,Persona 1,1,credit_score,points,0.0,0.0,1,760.0,280000.0,150000.0,450000.0,0.0,72.0758,82.0758,Low Risk
1,Persona 1,1,credit_score,points,20.0,20.0,0,780.0,280000.0,150000.0,450000.0,0.0,72.9848,82.9848,Low Risk
1,Persona 1,1,credit_score,points,40.0,40.0,0,800.0,280000.0,150000.0,450000.0,0.0,73.8939,83.8939,Low Risk
1,Persona 1,1,credit_score,points,60.0,60.0,0,820.0,280000.0,150000.0,450000.0,0.0,74.803,84.803,Low Risk
1,Persona 1,1,credit_score,points,80.0,80.0,0,840.0,280000.0,150000.0,450000.0,0.0,75.7121,85.7121,Low Risk
1,Persona 1,1,credit_score,points,100.0,100.0,0,850.0,280000.0,150000.0,450000.0,0.0,76.1667,86.1667,Low Risk
1,Persona 1,2,annual_income,%,-50.0,-50.0,0,760.0,140000.0,150000.0,450000.0,0.0,62.7424,72.7424,Low Risk
1,Persona 1,2,annual_income,%,-40.0,-40.0,0,760.0,168000.0,150000.0,450000.0,0.0,64.6091,74.6091,Low Risk
1,Persona 1,2,annual_income,%,-30.0,-30.0,0,760.0,196000.0,150000.0,450000.0,0.0,66.4758,76.4758,Low Risk
1,Persona 1,2,annual_income,%,-20.0,-20.0,0,760.0,224000.0,150000.0,450000.0,0.0,68.3424,78.3424,Low Risk
1,Persona 1,2,annual_income,%,-10.0,-10.0,0,760.0,252000.0,150000.0,450000.0,0.0,70.2091,80.2091,Low Risk
1,Persona 1,2,annual_income,%,0.0,0.0,1,760.0,280000.0,150000.0,450000.0,0.0,72.0758,82.0758,Low Risk
1,Persona 1,2,annual_income,%,10.0,10.0,0,760.0,308000.0,150000.0,450000.0,0.0,73.4091,83.4091,Low Risk
1,Persona 1,2,annual_income,%,20.0,20.0,0,760.0,336000.0,150000.0,450000.0,0.0,73.4091,83.4091,Low Risk
1,Persona 1,2,annual_income,%,30.0,30.0,0,760.0,364000.0,150000.0,450000.0,0.0,73.4091,83.4091,Low Risk
1,Persona 1,2,annual_income,%,40.0,40.0,0,760.0,392000.0,150000.0,450000.0,0.0,73.4091,83.4091,Low Risk
1,Persona 1,2,annual_income,%,50.0,50.0,0,760.0,420000.0,150000.0,450000.0,0.0,73.4091,83.4091,Low Risk
1,Persona 1,3,debt,%,-50.0,-50.0,0,760.0,280000.0,75000.0,450000.0,0.0,67.0758,87.0758,Low Risk
1,Persona 1,3,debt,%,-40.0,-40.0,0,760.0,280000.0,90000.0,450000.0,0.0,68.0758,86.0758,Low Risk
1,Persona 1,3,debt,%,-30.0,-30.0,0,760.0,280000.0,105000.0,450000.0,0.0,69.0758,85.0758,Low Risk
1,Persona 1,3,debt,%,-20.0,-20.0,0,760.0,280000.0,120000.0,450000.0,0.0,70.0758,84.0758,Low Risk
1,Persona 1,3,debt,%,-10.0,-10.0,0,760.0,280000.0,135000.0,450000.0,0.0,71.0758,83.0758,Low Risk
1,Persona 1,3,debt,%,0.0,0.0,1,760.0,280000.0,150000.0,450000.0,0.0,72.0758,82.0758,Low Risk
1,Persona 1,3,debt,%,10.0,10.0,0,760.0,280000.0,165000.0,450000.0,0.0,73.0758,81.0758,Low Risk
1,Persona 1,3,debt,%,20.0,20.0,0,760.0,280000.0,180000.0,450000.0,0.0,74.0758,80.0758,Low Risk
1,Persona 1,3,debt,%,30.0,30.0,0,760.0,280000.0,195000.0,450000.0,0.0,75.0758,79.0758,Low Risk
1,Persona 1,3,debt,%,40.0,40.0,0,760.0,280000.0,210000.0,450000.0,0.0,76.0758,78.0758,Low Risk
1,Persona 1,3,debt,%,50.0,50.0,0,760.0,280000.0,225000.0,450000.0,0.0,77.0758,77.0758,Low Risk
1,Persona 1,4,savings,%,-50.0,-50.0,0,760.0,280000.0,150000.0,225000.0,0.0,60.8258,70.8258,Low Risk
1,Persona 1,4,savings,%,-40.0,-40.0,0,760.0,280000.0,150000.0,270000.0,0.0,63.0758,73.0758,Low Risk
1,Persona 1,4,savings,%,-30.0,-30.0,0,760.0,280000.0,150000.0,315000.0,0.0,65.3258,75.3258,Low Risk
1,Persona 1,4,savings,%,-20.0,-20.0,0,760.0,280000.0,150000.0,360000.0,0.0,67.5758,77.5758,Low Risk
1,Persona 1,4,savings,%,-10.0,-10.0,0,760.0,280000.0,150000.0,405000.0,0.0,69.8258,79.8258,Low Risk
1,Persona 1,4,savings,%,0.0,0.0,1,760.0,280000.0,150000.0,450000.0,0.0,72.0758,82.0758,Low Risk
1,Persona 1,4,savings,%,10.0,10.0,0,760.0,280000.0,150000.0,495000.00000000006,0.0,74.3258,84.3258,Low Risk
1,Persona 1,4,savings,%,20.0,20.0,0,760.0,280000.0,150000.0,540000.0,0.0,74.5758,84.5758,Low Risk
1,Persona 1,4,savings,%,30.0,30.0,0,760.0,280000.0,150000.0,585000.0,0.0,74.5758,84.5758,Low Risk
1,Persona 1,4,savings,%,40.0,40.0,0,760.0,280000.0,150000.0,630000.0,0.0,74.5758,84.5758,Low Risk
1,Persona 1,4,savings,%,50.0,50.0,0,760.0,280000.0,150000.0,675000.0,0.0,74.5758,84.5758,Low Risk
1,Persona 1,5,late_payments,count,0.0,0.0,1,760.0,280000.0,150000.0,450000.0,0.0,72.0758,82.0758,Low Risk
1,Persona 1,5,late_payments,count,1.0,1.0,0,760.0,280000.0,150000.0,450000.0,1.0,74.0758,80.0758,Low Risk
1,Persona 1,5,late_payments,count,2.0,2.0,0,760.0,280000.0,150000.0,450000.0,2.0,76.0758,78.0758,Low Risk
1,Persona 1,5,late_payments,count,3.0,3.0,0,760.0,280000.0,150000.0,450000.0,3.0,78.0758,76.0758,Low Risk
1,Persona 1,5,late_payments,count,4.0,4.0,0,760.0,280000.0,150000.0,450000.0,4.0,80.0758,74.0758,Low Risk
1,Persona 1,5,late_payments,count,5.0,5.0,0,760.0,280000.0,150000.0,450000.0,5.0,82.0758,72.0758,Low Risk
2,Persona 2,1,credit_score,points,-100.0,-100.0,0,600.0,180000.0,100000.0,120000.0,1.0,40.303,52.9697,Medium Risk
2,Persona 2,1,credit_score,points,-80.0,-80.0,0,620.0,180000.0,100000.0,120000.0,1.0,41.2121,53.8788,Medium Risk
2,Persona 2,1,credit_score,points,-60.0,-60.0,0,640.0,180000.0,100000.0,120000.0,1.0,42.1212,54.7879,Medium Risk
2,Persona 2,1,credit_score,points,-40.0,-40.0,0,660.0,180000.0,100000.0,120000.0,1.0,43.0303,55.697,Medium Risk
2,Persona 2,1,credit_score,points,-20.0,-20.0,0,680.0,180000.0,100000.0,120000.0,1.0,43.9394,56.6061,Medium Risk
2,Persona 2,1,credit_score,points,0.0,0.0,1,700.0,180000.0,100000.0,120000.0,1.0,44.8485,57.5152,Medium Risk
2,Persona 2,1,credit_score,points,20.0,20.0,0,720.0,180000.0,100000.0,120000.0,1.0,45.7576,58.4242,Medium Risk
2,Persona 2,1,credit_score,points,40.0,40.0,0,740.0,180000.0,100000.0,120000.0,1.0,46.6667,59.3333,Medium Risk
2,Persona 2,1,credit_score,points,60.0,60.0,0,760.0,180000.0,100000.0,120000.0,1.0,47.5758,60.2424,Medium Risk
2,Persona 2,1,credit_score,points,80.0,80.0,0,780.0,180000.0,100000.0,120000.0,1.0,48.4848,61.1515,Medium Risk
2,Persona 2,1,credit_score,points,100.0,100.0,0,800.0,180000.0,100000.0,120000.0,1.0,49.3939,62.0606,Medium Risk
2,Persona 2,2,annual_income,%,-50.0,-50.0,0,700.0,90000.0,100000.0,120000.0,1.0,38.8485,51.5152,Medium Risk
2,Persona 2,2,annual_income,%,-40.0,-40.0,0,700.0,108000.0,100000.0,120000.0,1.0,40.0485,52.7152,Medium Risk
2,Persona 2,2,annual_income,%,-30.0,-30.0,0,700.0,125999.99999999999,100000.0,120000.0,1.0,41.2485,53.9152,Medium Risk
2,Persona 2,2,annual_income,%,-20.0,-20.0,0,700.0,144000.0,100000.0,120000.0,1.0,42.4485,55.1152,Medium Risk
2,Persona 2,2,annual_income,%,-10.0,-10.0,0,700.0,162000.0,100000.0,120000.0,1.0,43.6485,56.3152,Medium Risk
2,Persona 2,2,annual_income,%,0.0,0.0,1,700.0,180000.0,100000.0,120000.0,1.0,44.8485,57.5152,Medium Risk
2,Persona 2,2,annual_income,%,10.0,10.0,0,700.0,198000.00000000003,100000.0,120000.0,1.0,46.0485,58.7152,Medium Risk
2,Persona 2,2,annual_income,%,20.0,20.0,0,700.0,216000.0,100000.0,120000.0,1.0,47.2485,59.9152,Medium Risk
2,Persona 2,2,annual_income,%,30.0,30.0,0,700.0,234000.0,100000.0,120000.0,1.0,48.4485,61.1152,Medium Risk
2,Persona 2,2,annual_income,%,40.0,40.0,0,700.0,251999.99999999997,100000.0,120000.0,1.0,49.6485,62.3152,Medium Risk
2,Persona 2,2,annual_income,%,50.0,50.0,0,700.0,270000.0,100000.0,120000.0,1.0,50.8485,63.5152,Medium Risk
2,Persona 2,3,debt,%,-50.0,-50.0,0,700.0,180000.0,50000.0,120000.0,1.0,41.5152,60.8485,Medium Risk
2,Persona 2,3,debt,%,-40.0,-40.0,0,700.0,180000.0,60000.0,120000.0,1.0,42.1818,60.1818,Medium Risk
2,Persona 2,3,debt,%,-30.0,-30.0,0,700.0,180000.0,70000.0,120000.0,1.0,42.8485,59.5152,Medium Risk
2,Persona 2,3,debt,%,-20.0,-20.0,0,700.0,180000.0,80000.0,120000.0,1.0,43.5152,58.8485,Medium Risk
2,Persona 2,3,debt,%,-10.0,-10.0,0,700.0,180000.0,90000.0,120000.0,1.0,44.1818,58.1818,Medium Risk
2,Persona 2,3,debt,%,0.0,0.0,1,700.0,180000.0,100000.0,120000.0,1.0,44.8485,57.5152,Medium Risk
2,Persona 2,3,debt,%,10.0,10.0,0,700.0,180000.0,110000.00000000001,120000.0,1.0,45.5152,56.8485,Medium Risk
2,Persona 2,3,debt,%,20.0,20.0,0,700.0,180000.0,120000.0,120000.0,1.0,46.1818,56.1818,Medium Risk
2,Persona 2,3,debt,%,30.0,30.0,0,700.0,180000.0,130000.0,120000.0,1.0,46.8485,55.5152,Medium Risk
2,Persona 2,3,debt,%,40.0,40.0,0,700.0,180000.0,140000.0,120000.0,1.0,47.5152,54.8485,Medium Risk
2,Persona 2,3,debt,%,50.0,50.0,0,700.0,180000.0,150000.0,120000.0,1.0,48.1818,54.1818,Medium Risk
2,Persona 2,4,savings,%,-50.0,-50.0,0,700.0,180000.0,100000.0,60000.0,1.0,41.8485,54.5152,Medium Risk
2,Persona 2,4,savings,%,-40.0,-40.0,0,700.0,180000.0,100000.0,72000.0,1.0,42.4485,55.1152,Medium Risk
2,Persona 2,4,savings,%,-30.0,-30.0,0,700.0,180000.0,100000.0,84000.0,1.0,43.0485,55.7152,Medium Risk
2,Persona 2,4,savings,%,-20.0,-20.0,0,700.0,180000.0,100000.0,96000.0,1.0,43.6485,56.3152,Medium Risk
2,Persona 2,4,savings,%,-10.0,-10.0,0,700.0,180000.0,100000.0,108000.0,1.0,44.2485,56.9152,Medium Risk
2,Persona 2,4,savings,%,0.0,0.0,1,700.0,180000.0,100000.0,120000.0,1.0,44.8485,57.5152,Medium Risk
2,Persona 2,4,savings,%,10.0,10.0,0,700.0,180000.0,100000.0,132000.0,1.0,45.4485,58.1152,Medium Risk
2,Persona 2,4,savings,%,20.0,20.0,0,700.0,180000.0,100000.0,144000.0,1.0,46.0485,58.7152,Medium Risk
2,Persona 2,4,savings,%,30.0,30.0,0,700.0,180000.0,100000.0,156000.0,1.0,46.6485,59.3152,Medium Risk
2,Persona 2,4,savings,%,40.0,40.0,0,700.0,180000.0,100000.0,168000.0,1.0,47.2485,59.9152,Medium Risk
2,Persona 2,4,savings,%,50.0,50.0,0,700.0,180000.0,100000.0,180000.0,1.0,47.8485,60.5152,Medium Risk
2,Persona 2,5,late_payments,count,0.0,-1.0,0,700.0,180000.0,100000.0,120000.0,0.0,42.8485,59.5152,Medium Risk
2,Persona 2,5,late_payments,count,1.0,0.0,1,700.0,180000.0,100000.0,120000.0,1.0,44.8485,57.5152,Medium Risk
2,Persona 2,5,late_payments,count,2.0,1.0,0,700.0,180000.0,100000.0,120000.0,2.0,46.8485,55.5152,Medium Risk
2,Persona 2,5,late_payments,count,3.0,2.0,0,700.0,180000.0,100000.0,120000.0,3.0,48.8485,53.5152,Medium Risk
2,Persona 2,5,late_payments,count,4.0,3.0,0,700.0,180000.0,100000.0,120000.0,4.0,50.8485,51.5152,Medium Risk
2,Persona 2,5,late_payments,count,5.0,4.0,0,700.0,180000.0,100000.0,120000.0,5.0,52.8485,49.5152,Medium Risk
3,Persona 3,1,credit_score,points,-100.0,-100.0,0,560.0,100000.0,90000.0,20000.0,2.0,29.4848,39.4848,Medium Risk
3,Persona 3,1,credit_score,points,-80.0,-80.0,0,580.0,100000.0,90000.0,20000.0,2.0,30.3939,40.3939,Medium Risk
3,Persona 3,1,credit_score,points,-60.0,-60.0,0,600.0,100000.0,90000.0,20000.0,2.0,31.303,41.303,Medium Risk
3,Persona 3,1,credit_score,points,-40.0,-40.0,0,620.0,100000.0,90000.0,20000.0,2.0,32.2121,42.2121,Medium Risk
3,Persona 3,1,credit_score,points,-20.0,-20.0,0,640.0,100000.0,90000.0,20000.0,2.0,33.1212,43.1212,Medium Risk
3,Persona 3,1,credit_score,points,0.0,0.0,1,660.0,100000.0,90000.0,20000.0,2.0,34.0303,44.0303,Medium Risk
3,Persona 3,1,credit_score,points,20.0,20.0,0,680.0,100000.0,90000.0,20000.0,2.0,34.9394,44.9394,Medium Risk
3,Persona 3,1,credit_score,points,40.0,40.0,0,700.0,100000.0,90000.0,20000.0,2.0,35.8485,45.8485,Medium Risk
3,Persona 3,1,credit_score,points,60.0,60.0,0,720.0,100000.0,90000.0,20000.0,2.0,36.7576,46.7576,Medium Risk
3,Persona 3,1,credit_score,points,80.0,80.0,0,740.0,100000.0,90000.0,20000.0,2.0,37.6667,47.6667,Medium Risk
3,Persona 3,1,credit_score,points,100.0,100.0,0,760.0,100000.0,90000.0,20000.0,2.0,38.5758,48.5758,Medium Risk
3,Persona 3,2,annual_income,%,-50.0,-50.0,0,660.0,50000.0,90000.0,20000.0,2.0,30.697,40.697,Medium Risk
3,Persona 3,2,annual_income,%,-40.0,-40.0,0,660.0,60000.0,90000.0,20000.0,2.0,31.3636,41.3636,Medium Risk
3,Persona 3,2,annual_income,%,-30.0,-30.0,0,660.0,70000.0,90000.0,20000.0,2.0,32.0303,42.0303,Medium Risk
3,Persona 3,2,annual_income,%,-20.0,-20.0,0,660.0,80000.0,90000.0,20000.0,2.0,32.697,42.697,Medium Risk
3,Persona 3,2,annual_income,%,-10.0,-10.0,0,660.0,90000.0,90000.0,20000.0,2.0,33.3636,43.3636,Medium Risk
3,Persona 3,2,annual_income,%,0.0,0.0,1,660.0,100000.0,90000.0,20000.0,2.0,34.0303,44.0303,Medium Risk
3,Persona 3,2,annual_income,%,10.0,10.0,0,660.0,110000.00000000001,90000.0,20000.0,2.0,34.697,44.697,Medium Risk
3,Persona 3,2,annual_income,%,20.0,20.0,0,660.0,120000.0,90000.0,20000.0,2.0,35.3636,45.3636,Medium Risk
3,Persona 3,2,annual_income,%,30.0,30.0,0,660.0,130000.0,90000.0,20000.0,2.0,36.0303,46.0303,Medium Risk
3,Persona 3,2,annual_income,%,40.0,40.0,0,660.0,140000.0,90000.0,20000.0,2.0,36.697,46.697,Medium Risk
3,Persona 3,2,annual_income,%,50.0,50.0,0,660.0,150000.0,90000.0,20000.0,2.0,37.3636,47.3636,Medium Risk
3,Persona 3,3,debt,%,-50.0,-50.0,0,660.0,100000.0,45000.0,20000.0,2.0,31.0303,47.0303,Medium Risk
3,Persona 3,3,debt,%,-40.0,-40.0,0,660.0,100000.0,54000.0,20000.0,2.0,31.6303,46.4303,Medium Risk
3,Persona 3,3,debt,%,-30.0,-30.0,0,660.0,100000.0,62999.99999999999,20000.0,2.0,32.2303,45.8303,Medium Risk
3,Persona 3,3,debt,%,-20.0,-20.0,0,660.0,100000.0,72000.0,20000.0,2.0,32.8303,45.2303,Medium Risk
3,Persona 3,3,debt,%,-10.0,-10.0,0,660.0,100000.0,81000.0,20000.0,2.0,33.4303,44.6303,Medium Risk
3,Persona 3,3,debt,%,0.0,0.0,1,660.0,100000.0,90000.0,20000.0,2.0,34.0303,44.0303,Medium Risk
3,Persona 3,3,debt,%,10.0,10.0,0,660.0,100000.0,99000.00000000001,20000.0,2.0,34.6303,43.4303,Medium Risk
3,Persona 3,3,debt,%,20.0,20.0,0,660.0,100000.0,108000.0,20000.0,2.0,35.2303,42.8303,Medium Risk
3,Persona 3,3,debt,%,30.0,30.0,0,660.0,100000.0,117000.0,20000.0,2.0,35.8303,42.2303,Medium Risk
3,Persona 3,3,debt,%,40.0,40.0,0,660.0,100000.0,125999.99999999999,20000.0,2.0,36.4303,41.6303,Medium Risk
3,Persona 3,3,debt,%,50.0,50.0,0,660.0,100000.0,135000.0,20000.0,2.0,37.0303,41.0303,Medium Risk
3,Persona 3,4,savings,%,-50.0,-50.0,0,660.0,100000.0,90000.0,10000.0,2.0,33.5303,43.5303,Medium Risk
3,Persona 3,4,savings,%,-40.0,-40.0,0,660.0,100000.0,90000.0,12000.0,2.0,33.6303,43.6303,Medium Risk
3,Persona 3,4,savings,%,-30.0,-30.0,0,660.0,100000.0,90000.0,14000.0,2.0,33.7303,43.7303,Medium Risk
3,Persona 3,4,savings,%,-20.0,-20.0,0,660.0,100000.0,90000.0,16000.0,2.0,33.8303,43.8303,Medium Risk
3,Persona 3,4,savings,%,-10.0,-10.0,0,660.0,100000.0,90000.0,18000.0,2.0,33.9303,43.9303,Medium Risk
3,Persona 3,4,savings,%,0.0,0.0,1,660.0,100000.0,90000.0,20000.0,2.0,34.0303,44.0303,Medium Risk
3,Persona 3,4,savings,%,10.0,10.0,0,660.0,100000.0,90000.0,22000.0,2.0,34.1303,44.1303,Medium Risk
3,Persona 3,4,savings,%,20.0,20.0,0,660.0,100000.0,90000.0,24000.0,2.0,34.2303,44.2303,Medium Risk
3,Persona 3,4,savings,%,30.0,30.0,0,660.0,100000.0,90000.0,26000.0,2.0,34.3303,44.3303,Medium Risk
3,Persona 3,4,savings,%,40.0,40.0,0,660.0,100000.0,90000.0,28000.0,2.0,34.4303,44.4303,Medium Risk
3,Persona 3,4,savings,%,50.0,50.0,0,660.0,100000.0,90000.0,30000.0,2.0,34.5303,44.5303,Medium Risk
3,Persona 3,5,late_payments,count,0.0,-2.0,0,660.0,100000.0,90000.0,20000.0,0.0,30.0303,48.0303,Medium Risk
3,Persona 3,5,late_payments,count,1.0,-1.0,0,660.0,100000.0,90000.0,20000.0,1.0,32.0303,46.0303,Medium Risk
3,Persona 3,5,late_payments,count,2.0,0.0,1,660.0,100000.0,90000.0,20000.0,2.0,34.0303,44.0303,Medium Risk
3,Persona 3,5,late_payments,count,3.0,1.0,0,660.0,100000.0,90000.0,20000.0,3.0,36.0303,42.0303,Medium Risk
3,Persona 3,5,late_payments,count,4.0,2.0,0,660.0,100000.0,90000.0,20000.0,4.0,38.0303,40.0303,Medium Risk
3,Persona 3,5,late_payments,count,5.0,3.0,0,660.0,100000.0,90000.0,20000.0,5.0,40.0303,38.0303,Medium Risk
4,Persona 4,1,credit_score,points,-100.0,-100.0,0,620.0,150000.0,200000.0,80000.0,1.0,43.8788,43.2121,Medium Risk
4,Persona 4,1,credit_score,points,-80.0,-80.0,0,640.0,150000.0,200000.0,80000.0,1.0,44.7879,44.1212,Medium Risk
4,Persona 4,1,credit_score,points,-60.0,-60.0,0,660.0,150000.0,200000.0,80000.0,1.0,45.697,45.0303,Medium Risk
4,Persona 4,1,credit_score,points,-40.0,-40.0,0,680.0,150000.0,200000.0,80000.0,1.0,46.6061,45.9394,Medium Risk
4,Persona 4,1,credit_score,points,-20.0,-20.0,0,700.0,150000.0,200000.0,80000.0,1.0,47.5152,46.8485,Medium Risk
4,Persona 4,1,credit_score,points,0.0,0.0,1,720.0,150000.0,200000.0,80000.0,1.0,48.4242,47.7576,Medium Risk
4,Persona 4,1,credit_score,points,20.0,20.0,0,740.0,150000.0,200000.0,80000.0,1.0,49.3333,48.6667,Medium Risk
4,Persona 4,1,credit_score,points,40.0,40.0,0,760.0,150000.0,200000.0,80000.0,1.0,50.2424,49.5758,Medium Risk
4,Persona 4,1,credit_score,points,60.0,60.0,0,780.0,150000.0,200000.0,80000.0,1.0,51.1515,50.4848,Medium Risk
4,Persona 4,1,credit_score,points,80.0,80.0,0,800.0,150000.0,200000.0,80000.0,1.0,52.0606,51.3939,Medium Risk
4,Persona 4,1,credit_score,points,100.0,100.0,0,820.0,150000.0,200000.0,80000.0,1.0,52.9697,52.303,Medium Risk
4,Persona 4,2,annual_income,%,-50.0,-50.0,0,720.0,75000.0,200000.0,80000.0,1.0,43.4242,42.7576,Medium Risk
4,Persona 4,2,annual_income,%,-40.0,-40.0,0,720.0,90000.0,200000.0,80000.0,1.0,44.4242,43.7576,Medium Risk
4,Persona 4,2,annual_income,%,-30.0,-30.0,0,720.0,105000.0,200000.0,80000.0,1.0,45.4242,44.7576,Medium Risk
4,Persona 4,2,annual_income,%,-20.0,-20.0,0,720.0,120000.0,200000.0,80000.0,1.0,46.4242,45.7576,Medium Risk
4,Persona 4,2,annual_income,%,-10.0,-10.0,0,720.0,135000.0,200000.0,80000.0,1.0,47.4242,46.7576,Medium Risk
4,Persona 4,2,annual_income,%,0.0,0.0,1,720.0,150000.0,200000.0,80000.0,1.0,48.4242,47.7576,Medium Risk
4,Persona 4,2,annual_income,%,10.0,10.0,0,720.0,165000.0,200000.0,80000.0,1.0,49.4242,48.7576,Medium Risk
4,Persona 4,2,annual_income,%,20.0,20.0,0,720.0,180000.0,200000.0,80000.0,1.0,50.4242,49.7576,Medium Risk
4,Persona 4,2,annual_income,%,30.0,30.0,0,720.0,195000.0,200000.0,80000.0,1.0,51.4242,50.7576,Medium Risk
4,Persona 4,2,annual_income,%,40.0,40.0,0,720.0,210000.0,200000.0,80000.0,1.0,52.4242,51.7576,Medium Risk
4,Persona 4,2,annual_income,%,50.0,50.0,0,720.0,225000.0,200000.0,80000.0,1.0,53.4242,52.7576,Medium Risk
4,Persona 4,3,debt,%,-50.0,-50.0,0,720.0,150000.0,100000.0,80000.0,1.0,41.7576,54.4242,Medium Risk
4,Persona 4,3,debt,%,-40.0,-40.0,0,720.0,150000.0,120000.0,80000.0,1.0,43.0909,53.0909,Medium Risk
4,Persona 4,3,debt,%,-30.0,-30.0,0,720.0,150000.0,140000.0,80000.0,1.0,44.4242,51.7576,Medium Risk
4,Persona 4,3,debt,%,-20.0,-20.0,0,720.0,150000.0,160000.0,80000.0,1.0,45.7576,50.4242,Medium Risk
4,Persona 4,3,debt,%,-10.0,-10.0,0,720.0,150000.0,180000.0,80000.0,1.0,47.0909,49.0909,Medium Risk
4,Persona 4,3,debt,%,0.0,0.0,1,720.0,150000.0,200000.0,80000.0,1.0,48.4242,47.7576,Medium Risk
4,Persona 4,3,debt,%,10.0,10.0,0,720.0,150000.0,220000.00000000003,80000.0,1.0,49.7576,46.4242,Medium Risk
4,Persona 4,3,debt,%,20.0,20.0,0,720.0,150000.0,240000.0,80000.0,1.0,51.0909,45.0909,Medium Risk
4,Persona 4,3,debt,%,30.0,30.0,0,720.0,150000.0,260000.0,80000.0,1.0,52.4242,43.7576,Medium Risk
4,Persona 4,3,debt,%,40.0,40.0,0,720.0,150000.0,280000.0,80000.0,1.0,53.7576,42.4242,Medium Risk
4,Persona 4,3,debt,%,50.0,50.0,0,720.0,150000.0,300000.0,80000.0,1.0,55.0909,41.0909,Medium Risk
4,Persona 4,4,savings,%,-50.0,-50.0,0,720.0,150000.0,200000.0,40000.0,1.0,46.4242,45.7576,Medium Risk
4,Persona 4,4,savings,%,-40.0,-40.0,0,720.0,150000.0,200000.0,48000.0,1.0,46.8242,46.1576,Medium Risk
4,Persona 4,4,savings,%,-30.0,-30.0,0,720.0,150000.0,200000.0,56000.0,1.0,47.2242,46.5576,Medium Risk
4,Persona 4,4,savings,%,-20.0,-20.0,0,720.0,150000.0,200000.0,64000.0,1.0,47.6242,46.9576,Medium Risk
4,Persona 4,4,savings,%,-10.0,-10.0,0,720.0,150000.0,200000.0,72000.0,1.0,48.0242,47.3576,Medium Risk
4,Persona 4,4,savings,%,0.0,0.0,1,720.0,150000.0,200000.0,80000.0,1.0,48.4242,47.7576,Medium Risk
4,Persona 4,4,savings,%,10.0,10.0,0,720.0,150000.0,200000.0,88000.0,1.0,48.8242,48.1576,Medium Risk
4,Persona 4,4,savings,%,20.0,20.0,0,720.0,150000.0,200000.0,96000.0,1.0,49.2242,48.5576,Medium Risk
4,Persona 4,4,savings,%,30.0,30.0,0,720.0,150000.0,200000.0,104000.0,1.0,49.6242,48.9576,Medium Risk
4,Persona 4,4,savings,%,40.0,40.0,0,720.0,150000.0,200000.0,112000.0,1.0,50.0242,49.3576,Medium Risk
4,Persona 4,4,savings,%,50.0,50.0,0,720.0,150000.0,200000.0,120000.0,1.0,50.4242,49.7576,Medium Risk
4,Persona 4,5,late_payments,count,0.0,-1.0,0,720.0,150000.0,200000.0,80000.0,0.0,46.4242,49.7576,Medium Risk
4,Persona 4,5,late_payments,count,1.0,0.0,1,720.0,150000.0,200000.0,80000.0,1.0,48.4242,47.7576,Medium Risk
4,Persona 4,5,late_payments,count,2.0,1.0,0,720.0,150000.0,200000.0,80000.0,2.0,50.4242,45.7576,Medium Risk
4,Persona 4,5,late_payments,count,3.0,2.0,0,720.0,150000.0,200000.0,80000.0,3.0,52.4242,43.7576,Medium Risk
4,Persona 4,5,late_payments,count,4.0,3.0,0,720.0,150000.0,200000.0,80000.0,4.0,54.4242,41.7576,Medium Risk
4,Persona 4,5,late_payments,count,5.0,4.0,0,720.0,150000.0,200000.0,80000.0,5.0,56.4242,39.7576,Medium Risk
